Панков, Александр, Романович
Миронов, Роман, Никитич
Калинина, Вероника, Александровна
Прохоров, Богдан, Павлович
Воронова, Мария, Матвеевна
Пантелеева, Николь, Степановна
Мартынов, Демьян, Яковлевич
Иванова, Мария, Тимофеевна
Русаков, Александр, Артемьевич
Лапина, Дарья, Михайловна
Кириллова, Виктория, Сергеевна
Кузнецов, Григорий, Русланович
Степанов, Тимофей, Алексеевич
Соболева, Юлия, Андреевна
Ларионова, Вера, Артёмовна
Михайлов, Роман, Владимирович
Александров, Давид, Михайлович
Тарасов, Андрей, Ильич
Антонов, Максим, Ильич
Ситников, Владимир, Артурович
Смирнов ,Роман, Максимович
Бородина, Анна, Ярославовна
Богданова, Виктория, Денисовна
Иванова, Елизавета, Михайловна
Михайлова, Валерия, Ивановна
Румянцева, Есения, Дмитриевна
Шилов, Демид, Алексеевич
Борисова, Ульяна, Артёмовна
Лазарев, Роман, Иванович
Русакова, Алиса, Никитична
Гусева, Альбина, Андреевна
Фомина, София, Андреевна